,permalink,no_acquisitions
0,/organization/cisco,168
1,/organization/google,165
2,/organization/yahoo,116
3,/organization/aol,64
4,/organization/ebay,49
5,/organization/facebook,49
6,/organization/amazon,46
7,/organization/twitter,38
8,/organization/groupon,34
9,/organization/salesforce,30
10,/organization/zayo-group,27
11,/organization/zynga,25
12,/organization/blackberry,24
13,/organization/intuit,20
14,/organization/homeaway,19
15,/organization/tripadvisor,19
16,/organization/vmware,19
17,/organization/dropbox,18
18,/organization/automattic,16
19,/organization/bmc-software,15
20,/organization/rakuten,15
21,/organization/sap,14
22,/organization/rent-my-vacation-home-com,14
23,/organization/kit-digital,14
24,/organization/comcast,13
25,/organization/mcafee,12
26,/organization/tibco-software-inc,12
27,/organization/3d-systems,12
28,/organization/adknowledge,12
29,/organization/linkedin,12
30,/organization/livingsocial,11
31,/organization/newscorporation,11
32,/organization/opentext,11
33,/organization/mediabistro-inc,11
34,/organization/valueclick,10
35,/organization/rackspace,10
36,/organization/juniper-networks,10
37,/organization/abbott,10
38,/organization/ask-com,9
39,/organization/morningstar,9
40,/organization/hellhouse-media,9
41,/organization/hootsuite,9
42,/organization/solarwinds,9
43,/organization/yandex,9
44,/organization/crowdgather,9
45,/organization/blackboard,9
46,/organization/buscape,9
47,/organization/dyn,9
48,/organization/equifax,9
49,/organization/crowdsavings,9
50,/organization/sugar,9
51,/organization/chegg,9
52,/organization/spin-media-group,9
53,/organization/cardinal-health,8
54,/organization/opentable,8
55,/organization/glammedia,8
56,/organization/playdom,8
57,/organization/scripps-networks-interactive,8
58,/organization/zillow,8
59,/organization/ador,8
60,/organization/good-technology,8
61,/organization/realpage,8
62,/organization/raytheon,8
63,/organization/perficient,8
64,/organization/callidus-software,8
65,/organization/honeywell,8
66,/organization/infor,8
67,/organization/xerox,7
68,/organization/celframe,7
69,/organization/verifone,7
70,/organization/comscore,7
71,/organization/matomy-media-group,7
72,/organization/wideorbit,7
73,/organization/opera-software,7
74,/organization/xo-group,7
75,/organization/dachis-group,7
76,/organization/hologic,7
77,/organization/bristol-myers-squibb,7
78,/organization/verizon,7
79,/organization/saic,7
80,/organization/bottomline-technologies,7
81,/organization/siemens,7
82,/organization/innerworkings,7
83,/organization/deltek,7
84,/organization/kofax,7
85,/organization/jive-software,7
86,/organization/ticketmaster,7
87,/organization/upland-software,7
88,/organization/sungard,7
89,/organization/sapient,7
90,/organization/cloud-sherpas,7
91,/organization/paypal,7
92,/organization/airbnb,6
93,/organization/dena,6
94,/organization/general-dynamics,6
95,/organization/baidu,6
96,/organization/rubiconproject,6
97,/organization/springsource,6
98,/organization/lockheed-martin,6
99,/organization/liberty-global,6
100,/organization/nvidia,6
101,/organization/liveperson,6
102,/organization/telogis,6
103,/organization/scytl,6
104,/organization/ncr,6
105,/organization/amgen,6
106,/organization/alibaba,6
107,/organization/adconion-media-group,6
108,/organization/tagged,6
109,/organization/buywithme,6
110,/organization/mylife-com,6
111,/organization/just-eat,6
112,/organization/general-electric,6
113,/organization/broadsoft,6
114,/organization/recoup,6
115,/organization/sunedison,6
116,/organization/snapone-inc,6
117,/organization/sprint-nextel,6
118,/organization/square,6
119,/organization/box,6
120,/organization/kabam,6
121,/organization/datranmedia,6
122,/organization/batanga,6
123,/organization/gree,5
124,/organization/reply-com,5
125,/organization/appcelerator,5
126,/organization/incomm,5
127,/organization/cdc-software-corporation,5
128,/organization/higher-one,5
129,/organization/tencent,5
130,/organization/delivery-hero,5
131,/organization/ngmoco,5
132,/organization/atlassian,5
133,/organization/mitre-media-corp,5
134,/organization/viggle,5
135,/organization/saymedia,5
136,/organization/globant,5
137,/organization/foodpanda,5
138,/organization/opko-health,5
139,/organization/teads,5
140,/organization/komli-media,5
141,/organization/quinstreet,5
142,/organization/get-holding-nv,5
143,/organization/tangoe,5
144,/organization/populis,5
145,/organization/velti,5
146,/organization/cavium-networks,5
147,/organization/liaison-technologies,5
148,/organization/inmobi,5
149,/organization/constant-contact,5
150,/organization/dealertrack,5
151,/organization/ancestry-com,5
152,/organization/pinterest,5
153,/organization/earthlink,5
154,/organization/woven-digital,5
155,/organization/cafepress,5
156,/organization/dupont,5
157,/organization/evestment-alliance,5
158,/organization/asure-software,5
159,/organization/proofpoint,5
160,/organization/zebra-technologies,5
161,/organization/barracuda-networks,5
162,/organization/etsy,5
163,/organization/millennial-media,5
164,/organization/myheritage,5
165,/organization/ebix,5
166,/organization/whale-shark-media,5
167,/organization/secondlife,5
168,/organization/stubhub,5
169,/organization/aruba-networks,5
170,/organization/xing,5
171,/organization/priceline,5
172,/organization/amobee,5
173,/organization/evernote,5
174,/organization/fab-com,5
175,/organization/abb,5
176,/organization/coupons-com,5
177,/organization/riverbed-technology,5
178,/organization/pluralsight,5
179,/organization/omniture,5
180,/organization/techmedianetwork,5
181,/organization/avg,5
182,/organization/moko-social-media,4
183,/organization/yelp,4
184,/organization/solarcity,4
185,/organization/social-gaming-network,4
186,/organization/skyscanner,4
187,/organization/evolve-ip,4
188,/organization/black-duck-software,4
189,/organization/centurylink,4
190,/organization/thestreet,4
191,/organization/six-apart,4
192,/organization/logmein,4
193,/organization/telecommunication-systems,4
194,/organization/genband,4
195,/organization/betaworks,4
196,/organization/cell-biosciences,4
197,/organization/mindshift-technologies,4
198,/organization/hubspot,4
199,/organization/phunware,4
200,/organization/antenna-software,4
201,/organization/reputation-com,4
202,/organization/vox-media,4
203,/organization/synchronica,4
204,/organization/sitestar,4
205,/organization/vf-corporation,4
206,/organization/accela,4
207,/organization/global-telecom-technology,4
208,/organization/markit,4
209,/organization/boku,4
210,/organization/buzzfeed,4
211,/organization/amaya-gaming,4
212,/organization/internet-pipeline,4
213,/organization/first-data-corporation,4
214,/organization/micron-technology,4
215,/organization/charles-river-laboratories-international,4
216,/organization/commscope-enterprise-solutions,4
217,/organization/snapdeal,4
218,/organization/leftlane-sports,4
219,/organization/lithiumtechnologies,4
220,/organization/rally-software,4
221,/organization/blinq-media,4
222,/organization/finisar,4
223,/organization/tesco,4
224,/organization/charles-schwab,4
225,/organization/science,4
226,/organization/bayer-ag-germany,4
227,/organization/appirio,4
228,/organization/inuvo,4
229,/organization/deem,4
230,/organization/mail-ru,4
231,/organization/desire2learn,4
232,/organization/ubermedia,4
233,/organization/ppg-industries,4
234,/organization/synacor,4
235,/organization/sunpower,4
236,/organization/voxeo,4
237,/organization/first-solar,4
238,/organization/livegamer,4
239,/organization/surveymonkey,4
240,/organization/unity-technologies,4
241,/organization/huffingtonpost,4
242,/organization/hightail,4
243,/organization/avos,4
244,/organization/bigwords-com,4
245,/organization/cofounderslab,4
246,/organization/shanda-games,4
247,/organization/bandsintown-group,4
248,/organization/monitise,4
249,/organization/digital-management,4
250,/organization/care-com,4
251,/organization/concur-technologies,4
252,/organization/specific-media,4
253,/organization/ybrant-digital,4
254,/organization/texas-instruments,4
255,/organization/lenovo,4
256,/organization/smartfocus,4
257,/organization/strongmail,4
258,/organization/unified,3
259,/organization/telit-wireless-solutions,3
260,/organization/kaseya,3
261,/organization/ruffalocody,3
262,/organization/moneydesktop,3
263,/organization/bump-com,3
264,/organization/3pillar-global,3
265,/organization/vubiquity,3
266,/organization/justfabulous,3
267,/organization/telerik,3
268,/organization/apigee,3
269,/organization/palantir-technologies,3
270,/organization/nest-labs,3
271,/organization/intrexon-corporation,3
272,/organization/acronis,3
273,/organization/appdirect,3
274,/organization/global-capacity-group,3
275,/organization/e-rewards,3
276,/organization/half-off-depot,3
277,/organization/medicanimal-com,3
278,/organization/eaton,3
279,/organization/8x8-inc,3
280,/organization/front-stream-payments,3
281,/organization/parchment,3
282,/organization/landpoint,3
283,/organization/acquia,3
284,/organization/nitrosecurity,3
285,/organization/luxury-retreats,3
286,/organization/zoopla,3
287,/organization/namemedia,3
288,/organization/appwapp,3
289,/organization/lucibel,3
290,/organization/responsys,3
291,/organization/gigaom,3
292,/organization/travel-ad-network,3
293,/organization/telefonica,3
294,/organization/webroot,3
295,/organization/twitvid-com,3
296,/organization/ultra-electronics,3
297,/organization/activenetwork,3
298,/organization/recipharm,3
299,/organization/layered-technologies,3
300,/organization/ingk-labs,3
301,/organization/bae-systems,3
302,/organization/onevest,3
303,/organization/moz,3
304,/organization/connectedu,3
305,/organization/flipkart,3
306,/organization/shopify,3
307,/organization/clean-harbors,3
308,/organization/rant-media-network-llc,3
309,/organization/grubhub,3
310,/organization/slyce,3
311,/organization/lifelock,3
312,/organization/otter-media,3
313,/organization/pch-international,3
314,/organization/reachlocal,3
315,/organization/sabre,3
316,/organization/canpages,3
317,/organization/wandisco,3
318,/organization/envestnet,3
319,/organization/federatedmedia,3
320,/organization/unified-inbox,3
321,/organization/cloudfactory,3
322,/organization/b5media,3
323,/organization/500px,3
324,/organization/access-intelligence,3
325,/organization/scio-health-analytics,3
326,/organization/tippr,3
327,/organization/fusion-io,3
328,/organization/m-a-com,3
329,/organization/monotype-imaging-holdings,3
330,/organization/netrepid,3
331,/organization/flipboard,3
332,/organization/webmd,3
333,/organization/woven-systems,3
334,/organization/bazaarvoice,3
335,/organization/safetyweb,3
336,/organization/plum-district,3
337,/organization/fresenius-medical-care,3
338,/organization/searchignite,3
339,/organization/seesmic,3
340,/organization/quality-systems,3
341,/organization/richrelevance,3
342,/organization/silverpop,3
343,/organization/gigoptix,3
344,/organization/steris-corporation,3
345,/organization/centro,3
346,/organization/collectivemedia,3
347,/organization/local-com,3
348,/organization/nlight,3
349,/organization/rambus,3
350,/organization/jawbone,3
351,/organization/safenet,3
352,/organization/phoenix-technologies,3
353,/organization/cloudera,3
354,/organization/genarts,3
355,/organization/afs-technology,3
356,/organization/marketshare,3
357,/organization/hid-global,3
358,/organization/art-com,3
359,/organization/sprinklr,3
360,/organization/brightstar,3
361,/organization/viasat,3
362,/organization/xamarin,3
363,/organization/technorati,3
364,/organization/lyft,3
365,/organization/mblox,3
366,/organization/return-path,3
367,/organization/shopzilla,3
368,/organization/healthcentral,3
369,/organization/merkle,3
370,/organization/exacttarget,3
371,/organization/post-holdings-2,3
372,/organization/outbrain,3
373,/organization/citrix-online,3
374,/organization/metrixlab,3
375,/organization/demandtec,3
376,/organization/six-waves,3
377,/organization/univita-health,3
378,/organization/citizen-sports,3
379,/organization/telestream,3
380,/organization/ensighten,2
381,/organization/major-league-gaming,2
382,/organization/shareaholic,2
383,/organization/fullscreen,2
384,/organization/datapipe,2
385,/organization/hibernia-atlantic,2
386,/organization/scribblelive,2
387,/organization/videologygroup,2
388,/organization/enablence-technologies,2
389,/organization/playspan,2
390,/organization/buddymedia,2
391,/organization/financialforce-com,2
392,/organization/iod-incorporated,2
393,/organization/evvnt,2
394,/organization/bny-mellon,2
395,/organization/ironsource,2
396,/organization/trulia,2
397,/organization/one-loyalty-network,2
398,/organization/intertainment-media,2
399,/organization/fishnet-security,2
400,/organization/viewpoints,2
401,/organization/flashnotes,2
402,/organization/flurry,2
403,/organization/palo-alto-networks,2
404,/organization/livebooks,2
405,/organization/granicus,2
406,/organization/netsmart-technologies,2
407,/organization/tsavo,2
408,/organization/kosmix,2
409,/organization/martini-media-network,2
410,/organization/mobiquity,2
411,/organization/bestofmedia-group,2
412,/organization/ligand-pharmaceuticals,2
413,/organization/oxigene,2
414,/organization/hi5,2
415,/organization/tivo,2
416,/organization/applabs,2
417,/organization/oversee,2
418,/organization/glu-mobile,2
419,/organization/testplant,2
420,/organization/99designs,2
421,/organization/broadband-networks-wireless-internet,2
422,/organization/whoknows,2
423,/organization/yodle,2
424,/organization/spreadtrum-communications,2
425,/organization/untangle,2
426,/organization/photobucket,2
427,/organization/adyoulike,2
428,/organization/certain-software,2
429,/organization/recsolu,2
430,/organization/cvent,2
431,/organization/livefyre,2
432,/organization/tremor-video,2
433,/organization/materialise,2
434,/organization/gracenote,2
435,/organization/friendfinder-networks,2
436,/organization/playphone,2
437,/organization/clutch,2
438,/organization/staples,2
439,/organization/bakbone-software,2
440,/organization/stocktwits,2
441,/organization/brocade-communications-systems,2
442,/organization/digital-river,2
443,/organization/spotrunner,2
444,/organization/teoco-corporation,2
445,/organization/net-element,2
446,/organization/gridpoint,2
447,/organization/docker,2
448,/organization/hirevue,2
449,/organization/merchantcircle,2
450,/organization/g4s,2
451,/organization/x,2
452,/organization/dataxu,2
453,/organization/eventbrite,2
454,/organization/salix-pharmaceuticals,2
455,/organization/tendril,2
456,/organization/planview,2
457,/organization/govdelivery,2
458,/organization/infusionsoft,2
459,/organization/sharethis,2
460,/organization/skimlinks,2
461,/organization/audiencescience,2
462,/organization/backoffice-associates,2
463,/organization/karmaloop-com,2
464,/organization/vocera-communications,2
465,/organization/intapp,2
466,/organization/brand-affinity-technologies,2
467,/organization/rummble-labs,2
468,/organization/become,2
469,/organization/evri,2
470,/organization/welltok,2
471,/organization/evolva,2
472,/organization/revolucionadolabs,2
473,/organization/national-technical-systems,2
474,/organization/vce,2
475,/organization/undertone,2
476,/organization/babbel,2
477,/organization/vivint,2
478,/organization/one-public,2
479,/organization/handmark,2
480,/organization/rocket-software,2
481,/organization/seamless-2,2
482,/organization/open-source-food,2
483,/organization/taskrabbit,2
484,/organization/add-shoppers,2
485,/organization/radialpoint,2
486,/organization/landis-gyr,2
487,/organization/accumuli-security,2
488,/organization/reddit,2
489,/organization/wahanda,2
490,/organization/answers-corporation,2
491,/organization/funding-circle,2
492,/organization/kirusa,2
493,/organization/swiftrank,2
494,/organization/wayfair,2
495,/organization/vonage,2
496,/organization/vobile,2
497,/organization/ifbyphone,2
498,/organization/icar-asia,2
499,/organization/draftkings,2
500,/organization/erecycling-corps,2
501,/organization/compass-diversified-holdings,2
502,/organization/criteo,2
503,/organization/vibes-media,2
504,/organization/movero-inc,2
505,/organization/zipcar,2
506,/organization/ovguide,2
507,/organization/kayak,2
508,/organization/gfi,2
509,/organization/bioclinica,2
510,/organization/spotify,2
511,/organization/big-fish-games,2
512,/organization/handybook,2
513,/organization/neostem,2
514,/organization/takealot-com,2
515,/organization/quantcast,2
516,/organization/flexiant,2
517,/organization/gamefly,2
518,/organization/whitepages-com,2
519,/organization/ironport,2
520,/organization/imagination-technologies,2
521,/organization/truecar,2
522,/organization/photobox,2
523,/organization/virgance,2
524,/organization/popcap-games,2
525,/organization/mongohq,2
526,/organization/continuity-engine,2
527,/organization/nexway,2
528,/organization/hosting-com,2
529,/organization/memc-electronic-materials,2
530,/organization/ozon-ru,2
531,/organization/myntra,2
532,/organization/cortina-systems,2
533,/organization/fuse-powered,2
534,/organization/nicox,2
535,/organization/blockchain-info,2
536,/organization/evidon,2
537,/organization/esilicon,2
538,/organization/applause,2
539,/organization/physicians-interactive,2
540,/organization/vantage-media,2
541,/organization/css,2
542,/organization/shop-ca,2
543,/organization/bazaar-daily-news,2
544,/organization/glossybox,2
545,/organization/nazara-technologies,2
546,/organization/sciquest,2
547,/organization/ngdata,2
548,/organization/viadeo,2
549,/organization/wowio,2
550,/organization/birch-communications,2
551,/organization/dealer-com,2
552,/organization/maxxathlete,2
553,/organization/vitrue,2
554,/organization/eq-works,2
555,/organization/keyw-corporation,2
556,/organization/betfair,2
557,/organization/tellapart,2
558,/organization/u-s-auto-parts-network,2
559,/organization/hitfox-group,2
560,/organization/revionics,2
561,/organization/silversky,2
562,/organization/markmonitor,2
563,/organization/blablacar,2
564,/organization/xtera-communications-inc,2
565,/organization/ioxus,2
566,/organization/movile-latin-america,2
567,/organization/espial-group,2
568,/organization/avast,2
569,/organization/bee-there,2
570,/organization/renren-inc,2
571,/organization/logia-group,2
572,/organization/tetra-tech,2
573,/organization/telepacific-communications,2
574,/organization/barnes-noble,2
575,/organization/tabtale,2
576,/organization/oculus-vr,2
577,/organization/nile-guide,2
578,/organization/definition6,2
579,/organization/graphicly,2
580,/organization/jazz-pharmaceuticals,2
581,/organization/11i-solutions,2
582,/organization/m5-networks,2
583,/organization/iec-electronics,2
584,/organization/strands,2
585,/organization/wikia,2
586,/organization/iloop-mobile,2
587,/organization/snagfilms,2
588,/organization/evotec-inc,2
589,/organization/zefr,2
590,/organization/brigade,2
591,/organization/splunk,2
592,/organization/trustedid,2
593,/organization/gilt-groupe,2
594,/organization/veeco-instruments,2
595,/organization/market-force-information,2
596,/organization/incontact,2
597,/organization/authoria,2
598,/organization/simpletuition,2
599,/organization/practice-fusion,2
600,/organization/visualant,2
601,/organization/channeladvisor,2
602,/organization/break-media,2
603,/organization/burstmedia,2
604,/organization/yougov,2
605,/organization/inkling-systems,2
606,/organization/mediamath,2
607,/organization/beryllium,2
608,/organization/newyorktimes,2
609,/organization/beyondtrust,2
610,/organization/double-encore,2
611,/organization/imperva,2
612,/organization/imimobile,2
613,/organization/eunetworks-group-limited,2
614,/organization/cornerstone-therapeutics,2
615,/organization/bownty,2
616,/organization/la-nevera-roja-com,2
617,/organization/issuu,2
618,/organization/thefind,2
619,/organization/venturebeat,2
620,/organization/travefy,2
621,/organization/reward-gateway,2
622,/organization/sharecare,2
623,/organization/networks-in-motion,2
624,/organization/aratana-therapeutics,2
625,/organization/alere,2
626,/organization/axelacare,2
627,/organization/brightergy,2
628,/organization/geos-communications,2
629,/organization/room77,2
630,/organization/carbonite,2
631,/organization/netiq,2
632,/organization/imedx,2
633,/organization/keyedin-solutions,2
634,/organization/secret-escapes,2
635,/organization/deliveryagent,2
636,/organization/adviqo,2
637,/organization/icontrol,2
638,/organization/utest,2
639,/organization/unica,2
640,/organization/m-a-com-technology-solutions,2
641,/organization/puppet-labs,2
642,/organization/izea,2
643,/organization/globalscholar-com,2
644,/organization/iskoot,2
645,/organization/ticketea,2
646,/organization/marketo,2
647,/organization/mind-candy,2
648,/organization/plumchoice,2
649,/organization/flowplay,2
650,/organization/tastytrade,2
651,/organization/covario,2
652,/organization/skype,2
653,/organization/gild,2
654,/organization/transactis,2
655,/organization/black-lotus,2
656,/organization/fireeye,2
657,/organization/syncapse,2
658,/organization/pixelfish,2
659,/organization/accellos,2
660,/organization/github,2
661,/organization/diodes-incorporated,2
662,/organization/socialbakers,2
663,/organization/joyus,2
664,/organization/location-labs,2
665,/organization/moda-operandi,2
666,/organization/guidance-software,2
667,/organization/cancer-genetics,2
668,/organization/fliptop,2
669,/organization/lightspeed-retail,2
670,/organization/vitals-com,2
671,/organization/inside-secure,2
672,/organization/sirius,2
673,/organization/invizeon,2
674,/organization/life360,2
675,/organization/loopnet,2
676,/organization/lightspeed-financial,2
677,/organization/ozura,2
678,/organization/rockyou,2
679,/organization/smith-micro-software,2
680,/organization/starcite,2
681,/organization/telligentsystems,2
682,/organization/mediastay,2
683,/organization/rakuten-mediaforge,2
684,/organization/brightcove,2
685,/organization/reverbnation,2
686,/organization/inrix,2
687,/organization/healthcaresource,2
688,/organization/augure,2
689,/organization/groove-club,2
690,/organization/level-2,2
691,/organization/kingdee,2
692,/organization/cloudflare,2
693,/organization/quantum-corp,2
694,/organization/likebright-2,2
695,/organization/clear2pay,2
696,/organization/secondmarket,2
697,/organization/where-com,2
698,/organization/playsino,2
699,/organization/social-solutions,2
700,/organization/infochimps,2
701,/organization/rdio,2
702,/organization/winshuttle,2
703,/organization/procera-networks,2
704,/organization/collabnet,2
705,/organization/invensense,2
706,/organization/vook,2
707,/organization/lynda-com,2
708,/organization/viglink,2
709,/organization/total-beauty-media,2
710,/organization/ipp-of-america,2
711,/organization/software-technology,2
712,/organization/stone-river-capital,2
713,/organization/everyday-health,2
714,/organization/pubmatic,2
715,/organization/eastman-kodak,2
716,/organization/unitrends-software,2
717,/organization/cornerstone-ondemand,2
718,/organization/tech-in-asia,2
719,/organization/getyourguide,2
720,/organization/adroll-semantic-sugar-inc,2
721,/organization/alloy-digital,2
722,/organization/sailthru,2
723,/organization/king,2
724,/organization/mixbook,2
725,/organization/wix,2
726,/organization/lot18,2
727,/organization/henry-inc,2
728,/organization/natcore-technology,2
729,/organization/exfo,2
730,/organization/green-dot-corporation,2
731,/organization/fleetcor-technologies,2
732,/organization/imeem,2
733,/organization/rightnow-technologies,2
734,/organization/violin-memory,2
735,/organization/biotie-therapies,2
736,/organization/brickfish,2
737,/organization/virtustream,2
738,/organization/mantara,2
739,/organization/openx,2
740,/organization/coverity,2
741,/organization/on24,2
742,/organization/pet-holdings-inc,2
743,/organization/ullink,2
744,/organization/ticketfly,2
745,/organization/neusoft,2
746,/organization/keyon-communications-holdings,2
747,/organization/urban-airship,2
748,/organization/forsythe,2
749,/organization/wave-technology-solutions,2
750,/organization/secure-computing,2
751,/organization/bannerview,2
752,/organization/tune,1
753,/organization/groundlink,1
754,/organization/open-road-integrated-media,1
755,/organization/we-heart-it,1
756,/organization/adapt,1
757,/organization/the-local,1
758,/organization/rollup-media,1
759,/organization/network-for-good,1
760,/organization/sangamo-biosciences,1
761,/organization/arkadium,1
762,/organization/truist,1
763,/organization/wonga,1
764,/organization/mywebgrocer,1
765,/organization/accudial-pharmaceutical,1
766,/organization/proxama,1
767,/organization/shape-services,1
768,/organization/clinipace-worldwide,1
769,/organization/authentidate-holding,1
770,/organization/reallifeconnect,1
771,/organization/nqmobile,1
772,/organization/cloudbees,1
773,/organization/bizxchange,1
774,/organization/harvest-power,1
775,/organization/groupme,1
776,/organization/caprally,1
777,/organization/aerohive-networks,1
778,/organization/burstly,1
779,/organization/the-climate-corporation,1
780,/organization/sigma-pharmaceuticals,1
781,/organization/olx,1
782,/organization/ironplanet,1
783,/organization/southpeak,1
784,/organization/vocollect,1
785,/organization/seedrs,1
786,/organization/clickdelivery,1
787,/organization/soa-software,1
788,/organization/helloworld,1
789,/organization/telvent-git,1
790,/organization/lust-have-it,1
791,/organization/dailydeal,1
792,/organization/masteryconnect,1
793,/organization/rivermine-software,1
794,/organization/cloudwork,1
795,/organization/anaplan,1
796,/organization/morphosys,1
797,/organization/hittite-microwave,1
798,/organization/acer,1
799,/organization/adgent007,1
800,/organization/weather-decision-technologies,1
801,/organization/familyfinds,1
802,/organization/dlc,1
803,/organization/prenova,1
804,/organization/stylehive,1
805,/organization/burstpoint-networks,1
806,/organization/getlenses-co-uk,1
807,/organization/scalable-workforce,1
808,/organization/quad-graphics,1
809,/organization/watchguard,1
810,/organization/doorman,1
811,/organization/netformx,1
812,/organization/sindelantal,1
813,/organization/xactly-corp,1
814,/organization/epocrates,1
815,/organization/ubiquity-corporation,1
816,/organization/sapiens-international,1
817,/organization/tailwind,1
818,/organization/paddle8,1
819,/organization/united-ecoenergy,1
820,/organization/integra-telecom,1
821,/organization/attensity,1
822,/organization/mashable,1
823,/organization/moontoast,1
824,/organization/borderfree-inc,1
825,/organization/courtagen-life-sciences,1
826,/organization/samsonite-international-s-a,1
827,/organization/actividentity,1
828,/organization/fortegra-financial,1
829,/organization/mig33,1
830,/organization/okwave,1
831,/organization/bigpoint,1
832,/organization/wittlebee,1
833,/organization/aviary,1
834,/organization/dot-hill-systems,1
835,/organization/big-in-japan,1
836,/organization/red-rover,1
837,/organization/rebelle,1
838,/organization/activism-com,1
839,/organization/epod-solar,1
840,/organization/cpo-commerce,1
841,/organization/maker-studios,1
842,/organization/aarki,1
843,/organization/mendeley,1
844,/organization/bigdoor,1
845,/organization/d8a-group,1
846,/organization/uptake,1
847,/organization/multicast-media,1
848,/organization/xata,1
849,/organization/astaro,1
850,/organization/logi-analytics,1
851,/organization/accruent,1
852,/organization/doctoratwork-com,1
853,/organization/service-now-com,1
854,/organization/acacia-research,1
855,/organization/demandforce,1
856,/organization/smule,1
857,/organization/meninvest,1
858,/organization/packetfront,1
859,/organization/dynamics-research,1
860,/organization/daxko,1
861,/organization/pond5,1
862,/organization/mimedia,1
863,/organization/zoomsystems,1
864,/organization/branded-payment-solutions,1
865,/organization/alamarka,1
866,/organization/kno,1
867,/organization/act-on-software,1
868,/organization/athoc,1
869,/organization/commitchange,1
870,/organization/fabkids,1
871,/organization/i-tv,1
872,/organization/draker-laboratories,1
873,/organization/designcrowd,1
874,/organization/csidentity,1
875,/organization/veracyte,1
876,/organization/investview,1
877,/organization/yammer,1
878,/organization/vringo,1
879,/organization/localvox-media-nearsay,1
880,/organization/dada-spa,1
881,/organization/nimsoft,1
882,/organization/belkin-international,1
883,/organization/quantum-global-technologies,1
884,/organization/starboard-storage-systems,1
885,/organization/quintiles,1
886,/organization/ycd-multimedia,1
887,/organization/oncovista-innovative-therapies,1
888,/organization/betapond,1
889,/organization/connectv-com,1
890,/organization/mzinga,1
891,/organization/imprivata,1
892,/organization/revenue-assurance-cvidya,1
893,/organization/axial-exchange,1
894,/organization/nuvilex,1
895,/organization/sendmail,1
896,/organization/kaltura,1
897,/organization/tealeaf,1
898,/organization/macrogenics,1
899,/organization/sutherland,1
900,/organization/thewrap,1
901,/organization/eka-software-solutions,1
902,/organization/seven-networks,1
903,/organization/youchange,1
904,/organization/egenera-inc,1
905,/organization/readyforce,1
906,/organization/owlparrot,1
907,/organization/vendavo,1
908,/organization/kik-interactive,1
909,/organization/spoken-communications,1
910,/organization/cint,1
911,/organization/reverb-technologies,1
912,/organization/kace,1
913,/organization/overland-storage,1
914,/organization/promethean-2,1
915,/organization/sports-mogul,1
916,/organization/sharethrough,1
917,/organization/aito-technologies,1
918,/organization/wegowise,1
919,/organization/abingdon-health,1
920,/organization/purevideo,1
921,/organization/refer-ly,1
922,/organization/wishpot,1
923,/organization/toro,1
924,/organization/zap,1
925,/organization/gt-advanced-technologies,1
926,/organization/zaarly,1
927,/organization/mediatrust,1
928,/organization/rebellion-media,1
929,/organization/familyleaf,1
930,/organization/coolit-systems,1
931,/organization/everyday-solutions,1
932,/organization/openet,1
933,/organization/edgar-online,1
934,/organization/jut-inc,1
935,/organization/edmodo,1
936,/organization/invesdor-oy,1
937,/organization/u4ea,1
938,/organization/icarus-studios,1
939,/organization/shopit,1
940,/organization/ginger-io,1
941,/organization/driverside,1
942,/organization/montage-healthcare-solutions,1
943,/organization/taqua,1
944,/organization/dealised,1
945,/organization/crashlytics,1
946,/organization/medium,1
947,/organization/picrate-me,1
948,/organization/her-campus-media,1
949,/organization/appia,1
950,/organization/getprice,1
951,/organization/beacon-enterprise-solutions,1
952,/organization/cyclone-power-technologies,1
953,/organization/goodman-networks,1
954,/organization/bit9,1
955,/organization/epam-systems,1
956,/organization/labcyte,1
957,/organization/teladoc,1
958,/organization/localresponse,1
959,/organization/frs,1
960,/organization/teachscape,1
961,/organization/refer-com,1
962,/organization/onerecovery,1
963,/organization/digg,1
964,/organization/brand-embassy,1
965,/organization/applimation,1
966,/organization/posterous,1
967,/organization/daz-3d,1
968,/organization/savant-systems,1
969,/organization/netcycler,1
970,/organization/relayrides,1
971,/organization/one-source-networks,1
972,/organization/oomba,1
973,/organization/zozi,1
974,/organization/livewire-mobile,1
975,/organization/mobixell,1
976,/organization/mypunchbowl,1
977,/organization/superior-global-solutions,1
978,/organization/exclusive-networks,1
979,/organization/citysearch,1
980,/organization/yume,1
981,/organization/threefold-photos,1
982,/organization/aggregateknowledge,1
983,/organization/quickpay,1
984,/organization/sosh,1
985,/organization/coraid,1
986,/organization/zola-books,1
987,/organization/elanti-systems,1
988,/organization/vostu,1
989,/organization/anystream,1
990,/organization/greenway-health,1
991,/organization/the-greatist,1
992,/organization/targetx,1
993,/organization/birchbox,1
994,/organization/sysorex,1
995,/organization/lijit-networks,1
996,/organization/epic-playground,1
997,/organization/magnachip-semiconductor,1
998,/organization/newzulu-limited,1
999,/organization/appmakr,1
1000,/organization/thru-inc,1
1001,/organization/idhasoft,1
1002,/organization/cozy,1
1003,/organization/poshly,1
1004,/organization/clicksquared,1
1005,/organization/mulesource,1
1006,/organization/heartland-dental-care,1
1007,/organization/grou-ps,1
1008,/organization/kitara-merdia,1
1009,/organization/accessnetwork,1
1010,/organization/andera,1
1011,/organization/guavus,1
1012,/organization/silver-spring-networks,1
1013,/organization/kwaga,1
1014,/organization/calysta-energy,1
1015,/organization/high-gear-media,1
1016,/organization/exaprotect,1
1017,/organization/betterment,1
1018,/organization/radionomy,1
1019,/organization/contour-energy-systems,1
1020,/organization/ocean-outdoor,1
1021,/organization/seopult,1
1022,/organization/windensity,1
1023,/organization/mytrax,1
1024,/organization/vibrantmedia,1
1025,/organization/verve-mobile,1
1026,/organization/oncothyreon,1
1027,/organization/yatra-online,1
1028,/organization/grosolar,1
1029,/organization/solarflare,1
1030,/organization/palm,1
1031,/organization/applovin,1
1032,/organization/makemytrip-com,1
1033,/organization/fixmo,1
1034,/organization/owneriq,1
1035,/organization/mayne-pharma,1
1036,/organization/giggle,1
1037,/organization/myfitnesspal,1
1038,/organization/odin,1
1039,/organization/dine-in,1
1040,/organization/movenetworks,1
1041,/organization/extreme-reach,1
1042,/organization/eyeona,1
1043,/organization/lightera,1
1044,/organization/youtube,1
1045,/organization/sterigenics-international,1
1046,/organization/redbooth,1
1047,/organization/loopt,1
1048,/organization/cardomain-network,1
1049,/organization/biotime,1
1050,/organization/vertical-response,1
1051,/organization/livinglymedia,1
1052,/organization/mocavo,1
1053,/organization/billtrust,1
1054,/organization/cogeco-cable,1
1055,/organization/ncircle-network-security,1
1056,/organization/pivotal,1
1057,/organization/double-fusion,1
1058,/organization/sequenom,1
1059,/organization/telx,1
1060,/organization/oneflare,1
1061,/organization/atari,1
1062,/organization/heartware-international,1
1063,/organization/streamline-health-solutions,1
1064,/organization/sparxent,1
1065,/organization/brickstream,1
1066,/organization/accountnow,1
1067,/organization/lightinthebox-com,1
1068,/organization/optionsxpress,1
1069,/organization/new-relic,1
1070,/organization/fanzter,1
1071,/organization/terra-tech,1
1072,/organization/replay-solutions,1
1073,/organization/amonix,1
1074,/organization/bluestem-brands,1
1075,/organization/haivision,1
1076,/organization/mako-surgical,1
1077,/organization/integenx,1
1078,/organization/paltalk,1
1079,/organization/stillsecure,1
1080,/organization/kluster,1
1081,/organization/radiate-media,1
1082,/organization/prime-focus,1
1083,/organization/adultspace,1
1084,/organization/aboutme,1
1085,/organization/live-current-media,1
1086,/organization/taulia,1
1087,/organization/similarweb,1
1088,/organization/textplus,1
1089,/organization/aconex,1
1090,/organization/academia-edu,1
1091,/organization/workface,1
1092,/organization/supergen,1
1093,/organization/redfin,1
1094,/organization/connecture,1
1095,/organization/beijing-feixiangren-information-technology,1
1096,/organization/clearslide,1
1097,/organization/demandware,1
1098,/organization/legendary-entertainment,1
1099,/organization/adamas-pharmaceuticals,1
1100,/organization/pacgen-biopharmaceuticals,1
1101,/organization/adventurelink,1
1102,/organization/markettools,1
1103,/organization/fusionstorm,1
1104,/organization/insideview,1
1105,/organization/seven-technologies,1
1106,/organization/sci-marketview,1
1107,/organization/jibjab,1
1108,/organization/side-cr,1
1109,/organization/zipmark,1
1110,/organization/magnify,1
1111,/organization/turtle-beach,1
1112,/organization/cenify,1
1113,/organization/kewego,1
1114,/organization/cupomnow,1
1115,/organization/caliper-life-sciences,1
1116,/organization/socialradar,1
1117,/organization/newscred,1
1118,/organization/smilebox,1
1119,/organization/mybuys,1
1120,/organization/clovis-oncology,1
1121,/organization/spigit,1
1122,/organization/ciphercloud,1
1123,/organization/ooyala,1
1124,/organization/syniverse-technologies,1
1125,/organization/ice,1
1126,/organization/insurity,1
1127,/organization/earlytracks,1
1128,/organization/xl-marketing,1
1129,/organization/affinion-group,1
1130,/organization/emn8,1
1131,/organization/icera,1
1132,/organization/stanmore-implants,1
1133,/organization/meez,1
1134,/organization/blue-bottle-coffee,1
1135,/organization/ipierian,1
1136,/organization/icrossing,1
1137,/organization/mythings,1
1138,/organization/opnet-technologies-inc,1
1139,/organization/cloudcontrol,1
1140,/organization/studentbox,1
1141,/organization/koofers,1
1142,/organization/apica,1
1143,/organization/aboutus-org,1
1144,/organization/deltagen,1
1145,/organization/mocospace,1
1146,/organization/prometic-life-sciences,1
1147,/organization/acquisio,1
1148,/organization/molina-healthcare,1
1149,/organization/dexcom,1
1150,/organization/clicker,1
1151,/organization/thismoment,1
1152,/organization/insidesales-com,1
1153,/organization/nexant,1
1154,/organization/sellpoint,1
1155,/organization/vision-critical,1
1156,/organization/appconomy,1
1157,/organization/partners-healthcare-group,1
1158,/organization/zeta-interactive,1
1159,/organization/givey,1
1160,/organization/visibletechnologies,1
1161,/organization/startup-weekend,1
1162,/organization/powa-technologies,1
1163,/organization/fluid,1
1164,/organization/traxo,1
1165,/organization/decisionpoint-systems,1
1166,/organization/viropro,1
1167,/organization/oodrive-technologies,1
1168,/organization/radian6,1
1169,/organization/cardcash-com,1
1170,/organization/nexmed,1
1171,/organization/viverae,1
1172,/organization/blippar,1
1173,/organization/wave-accounting,1
1174,/organization/aptalis,1
1175,/organization/transunion,1
1176,/organization/pythian,1
1177,/organization/avectra,1
1178,/organization/cocubes,1
1179,/organization/all-in-one-medical,1
1180,/organization/adstage,1
1181,/organization/echo-global-logistics,1
1182,/organization/sponsorpay,1
1183,/organization/mediamind-2,1
1184,/organization/speed-commerce-corp,1
1185,/organization/amcom-software,1
1186,/organization/alex-and-ani,1
1187,/organization/juice-in-the-city,1
1188,/organization/wave-systems,1
1189,/organization/wifi-com,1
1190,/organization/tapjoy,1
1191,/organization/antfarm,1
1192,/organization/phd-virtual-technologies,1
1193,/organization/takeaway-com,1
1194,/organization/acturis,1
1195,/organization/gryphn,1
1196,/organization/mobivity,1
1197,/organization/divx,1
1198,/organization/meebo,1
1199,/organization/kony,1
1200,/organization/gt-nexus,1
1201,/organization/sezwho,1
1202,/organization/finalsite,1
1203,/organization/stumbleupon,1
1204,/organization/backplane,1
1205,/organization/appfolio,1
1206,/organization/textura,1
1207,/organization/bookacoach-com,1
1208,/organization/where-ive-been,1
1209,/organization/amiestreet,1
1210,/organization/codesion,1
1211,/organization/mypublisher,1
1212,/organization/dragonwave,1
1213,/organization/admob,1
1214,/organization/senzari,1
1215,/organization/advanced-manufacturing-control-systems,1
1216,/organization/origami-labs,1
1217,/organization/plynked,1
1218,/organization/what-the-trend,1
1219,/organization/plympton,1
1220,/organization/triviala,1
1221,/organization/hoteltonight,1
1222,/organization/actimize,1
1223,/organization/alorica,1
1224,/organization/tastebuds-fm,1
1225,/organization/voltari,1
1226,/organization/afcv-holdings,1
1227,/organization/perfect-escapes,1
1228,/organization/endologix,1
1229,/organization/push-io,1
1230,/organization/newforma,1
1231,/organization/mophie,1
1232,/organization/worldone,1
1233,/organization/one-kings-lane,1
1234,/organization/kranem,1
1235,/organization/lotame,1
1236,/organization/amyris-biotechnologies,1
1237,/organization/globalia,1
1238,/organization/appriss,1
1239,/organization/audiomicro,1
1240,/organization/sandvine,1
1241,/organization/ceragon-networks,1
1242,/organization/apps-genius,1
1243,/organization/tripboard,1
1244,/organization/good-worldwide-inc-good-magazine,1
1245,/organization/advance-medical,1
1246,/organization/3seventy,1
1247,/organization/m86-security,1
1248,/organization/collegehumor,1
1249,/organization/bandwidth-com,1
1250,/organization/terra-gen-power,1
1251,/organization/innocentive,1
1252,/organization/valuefirst-messaging,1
1253,/organization/pixim,1
1254,/organization/33across,1
1255,/organization/bitzio,1
1256,/organization/clarabridge,1
1257,/organization/lanica,1
1258,/organization/sell-simply,1
1259,/organization/power-one,1
1260,/organization/silicor-materials,1
1261,/organization/23andme,1
1262,/organization/tiny-speck,1
1263,/organization/numecent,1
1264,/organization/citiservi,1
1265,/organization/dropmysite,1
1266,/organization/meteor,1
1267,/organization/vast,1
1268,/organization/trilliant,1
1269,/organization/sandow,1
1270,/organization/fancy,1
1271,/organization/south49-solutions,1
1272,/organization/attunity,1
1273,/organization/xoom,1
1274,/organization/addthis,1
1275,/organization/sandata,1
1276,/organization/iotum,1
1277,/organization/ocz-technology,1
1278,/organization/zoomin,1
1279,/organization/smaato,1
1280,/organization/ventas-privadas,1
1281,/organization/thermoenergy,1
1282,/organization/mobileum,1
1283,/organization/kenshoo,1
1284,/organization/liquidnet,1
1285,/organization/mindjolt,1
1286,/organization/redknee,1
1287,/organization/cpxi,1
1288,/organization/freewebs,1
1289,/organization/air2web,1
1290,/organization/top-level-domain-holdings,1
1291,/organization/abacast-inc,1
1292,/organization/cloud-technology-partners,1
1293,/organization/beeline,1
1294,/organization/kurtosys,1
1295,/organization/social-reality,1
1296,/organization/goodreads,1
1297,/organization/zenbox,1
1298,/organization/klarna,1
1299,/organization/tinypass,1
1300,/organization/sonicbids,1
1301,/organization/lending-club,1
1302,/organization/empower-energies-inc,1
1303,/organization/c3,1
1304,/organization/informeddna,1
1305,/organization/alarm-com,1
1306,/organization/soasta,1
1307,/organization/veodia,1
1308,/organization/crispy-gamer,1
1309,/organization/adventrx-pharmaceuticals,1
1310,/organization/mainstreet-connect,1
1311,/organization/rhapsody,1
1312,/organization/oodle,1
1313,/organization/airtime,1
1314,/organization/stripe,1
1315,/organization/hyperion,1
1316,/organization/dun-bradstreet-credibility-corp,1
1317,/organization/halfbrick-studios,1
1318,/organization/healthagen,1
1319,/organization/cloudy-fr,1
1320,/organization/dayforce,1
1321,/organization/bubblelife-media,1
1322,/organization/mascoma-corporation,1
1323,/organization/ark,1
1324,/organization/greatcall,1
1325,/organization/occipital,1
1326,/organization/quarterly,1
1327,/organization/ogone,1
1328,/organization/bioscrip,1
1329,/organization/innerwireless,1
1330,/organization/cellular-biomedicine-group-cbmg,1
1331,/organization/ingrooves,1
1332,/organization/e4-health,1
1333,/organization/hybrid-paytech,1
1334,/organization/homesphere,1
1335,/organization/oberon-media,1
1336,/organization/revinate,1
1337,/organization/nexamp,1
1338,/organization/rightware-oy,1
1339,/organization/overblog,1
1340,/organization/iweb-technologies,1
1341,/organization/mail-com-media-corporation,1
1342,/organization/iyogi,1
1343,/organization/geomagic,1
1344,/organization/hitfix,1
1345,/organization/emotive-communications,1
1346,/organization/doostang,1
1347,/organization/red-bend-software,1
1348,/organization/zattikka,1
1349,/organization/healthwarehouse-com,1
1350,/organization/ideagen,1
1351,/organization/rocketlawyer,1
1352,/organization/engineyard,1
1353,/organization/app-annie,1
1354,/organization/gamevil,1
1355,/organization/sagent-pharmaceuticals,1
1356,/organization/yext,1
1357,/organization/drugstore-com,1
1358,/organization/angies-list,1
1359,/organization/mediconnect-global,1
1360,/organization/codengo,1
1361,/organization/verivue,1
1362,/organization/efficient-frontier,1
1363,/organization/align-technology,1
1364,/organization/ahalife,1
1365,/organization/zoosk,1
1366,/organization/q-interactive,1
1367,/organization/forerun,1
1368,/organization/homejoy,1
1369,/organization/collective-digital-studio,1
1370,/organization/dealradar,1
1371,/organization/magic-software-enterprises,1
1372,/organization/remedy-partners,1
1373,/organization/rent-the-runway,1
1374,/organization/cine-tal-systems,1
1375,/organization/ameripath,1
1376,/organization/zapoint,1
1377,/organization/sopheon,1
1378,/organization/medivo,1
1379,/organization/publicengines,1
1380,/organization/green-man-gaming,1
1381,/organization/planet-payment,1
1382,/organization/telekenex,1
1383,/organization/snapfish,1
1384,/organization/awesomeness-tv,1
1385,/organization/launchrock,1
1386,/organization/axeda,1
1387,/organization/indiamart,1
1388,/organization/seedling,1
1389,/organization/force10-networks,1
1390,/organization/placeblogger,1
1391,/organization/xero,1
1392,/organization/hiringboss,1
1393,/organization/nayatek,1
1394,/organization/surgery-partners,1
1395,/organization/velo,1
1396,/organization/ants-software,1
1397,/organization/1c-company,1
1398,/organization/the-one-page-company,1
1399,/organization/crave,1
1400,/organization/nextg-networks,1
1401,/organization/munchkin,1
1402,/organization/orsus,1
1403,/organization/pwa,1
1404,/organization/sequel-industrial-products,1
1405,/organization/lenco-mobile,1
1406,/organization/gamesalad,1
1407,/organization/southwest-windpower,1
1408,/organization/powersecure-international,1
1409,/organization/halfpenny-technologies,1
1410,/organization/games2win,1
1411,/organization/agilis-systems,1
1412,/organization/laclede-group,1
1413,/organization/purewire,1
1414,/organization/preferred-systems-solutions,1
1415,/organization/newleaf-symbiotics,1
1416,/organization/unified-2,1
1417,/organization/tmm-inc,1
1418,/organization/beats-music,1
1419,/organization/kimera-systems,1
1420,/organization/bizzingo,1
1421,/organization/creativemarket,1
1422,/organization/systems-maintenance-services,1
1423,/organization/brand-networks,1
1424,/organization/yoopies,1
1425,/organization/broadview-networks,1
1426,/organization/bonanzle,1
1427,/organization/kip-solutions-inc,1
1428,/organization/crossloop,1
1429,/organization/medbox,1
1430,/organization/sakhr-software,1
1431,/organization/icad,1
1432,/organization/reverse-mortgage-lenders-direct,1
1433,/organization/uship,1
1434,/organization/veeker,1
1435,/organization/springcm,1
1436,/organization/gomez-inc,1
1437,/organization/wageworks,1
1438,/organization/babyoye,1
1439,/organization/galvanize,1
1440,/organization/travelclick,1
1441,/organization/tvs-logistics-services,1
1442,/organization/next-1-interactive,1
1443,/organization/field-agent,1
1444,/organization/dotnetnuke,1
1445,/organization/rentbits,1
1446,/organization/kobo,1
1447,/organization/intermedia,1
1448,/organization/aegis-mobility,1
1449,/organization/abcam,1
1450,/organization/thinking-phone-networks,1
1451,/organization/tethys-bioscience,1
1452,/organization/neophotonics,1
1453,/organization/zerodesktop,1
1454,/organization/vitaportal-ru,1
1455,/organization/hangzhou-tigermed-technology-co-ltd,1
1456,/organization/rockwell-collins,1
1457,/organization/aerospike,1
1458,/organization/backyard,1
1459,/organization/harrys,1
1460,/organization/five9,1
1461,/organization/invincea,1
1462,/organization/world-surveillance-group,1
1463,/organization/nano-terra,1
1464,/organization/rapid7,1
1465,/organization/backupify,1
1466,/organization/city-dining-cards,1
1467,/organization/fluidigm,1
1468,/organization/que-pasa,1
1469,/organization/odeo,1
1470,/organization/azima,1
1471,/organization/2080-media,1
1472,/organization/canopy-financial,1
1473,/organization/spindle,1
1474,/organization/telecom-italia,1
1475,/organization/bluechilli,1
1476,/organization/connotate,1
1477,/organization/9flats,1
1478,/organization/fatfish-internet-group,1
1479,/organization/xora,1
1480,/organization/cequel-data,1
1481,/organization/ambassador,1
1482,/organization/visible-measures,1
1483,/organization/loglogic,1
1484,/organization/souq-com,1
1485,/organization/plazavip-com,1
1486,/organization/democracy-com,1
1487,/organization/biglion,1
1488,/organization/tower-semiconductor,1
1489,/organization/cryolife,1
1490,/organization/operative,1
1491,/organization/gamigo,1
1492,/organization/impactrx,1
1493,/organization/mimeo,1
1494,/organization/recargo,1
1495,/organization/strongloop,1
1496,/organization/thisnext,1
1497,/organization/starbucks,1
1498,/organization/horizon-discovery,1
1499,/organization/catamaran-2,1
1500,/organization/adaptive-planning,1
1501,/organization/coinbase,1
1502,/organization/emcore,1
1503,/organization/suddenvalues,1
1504,/organization/big-string,1
1505,/organization/hrsoft,1
1506,/organization/supplyframe,1
1507,/organization/platial,1
1508,/organization/affle,1
1509,/organization/eatads,1
1510,/organization/itc-global,1
1511,/organization/zhaopin,1
1512,/organization/insidetrack,1
1513,/organization/red-carrots-studio,1
1514,/organization/medstatix-llc,1
1515,/organization/workday,1
1516,/organization/curse,1
1517,/organization/infinite-monkeys,1
1518,/organization/brass-monkey,1
1519,/organization/zeroturnaround,1
1520,/organization/path,1
1521,/organization/digitalpost-interactive,1
1522,/organization/lovefilm,1
1523,/organization/kaiam,1
1524,/organization/coveroo,1
1525,/organization/soundcloud,1
1526,/organization/joyent,1
1527,/organization/id-me,1
1528,/organization/virsto,1
1529,/organization/globalgrind,1
1530,/organization/klik-technologies,1
1531,/organization/qobliq-group,1
1532,/organization/zinio,1
1533,/organization/wee-web,1
1534,/organization/movitas-mobile,1
1535,/organization/wyzant-com,1
1536,/organization/php-fog,1
1537,/organization/one97-communications,1
1538,/organization/telesign-corporation,1
1539,/organization/fabrik,1
1540,/organization/shopandsave,1
1541,/organization/wadeco-specialties,1
1542,/organization/techstars,1
1543,/organization/scienergy,1
1544,/organization/rafter,1
1545,/organization/proxio,1
1546,/organization/dormir,1
1547,/organization/infovista,1
1548,/organization/complex-media,1
1549,/organization/zoom-technologies,1
1550,/organization/uromovie,1
1551,/organization/sighthound,1
1552,/organization/fixstars,1
1553,/organization/renewable-energy-group,1
1554,/organization/bvi-networks,1
1555,/organization/stardoll,1
1556,/organization/sophia,1
1557,/organization/nextspace,1
1558,/organization/predictive-biosciences,1
1559,/organization/academix-direct-go-internet-media,1
1560,/organization/integralads,1
1561,/organization/dailymotion,1
1562,/organization/nethra-imaging,1
1563,/organization/beats-by-dr-dre,1
1564,/organization/ipeak-networks,1
1565,/organization/rekoo,1
1566,/organization/digitalchocolate,1
1567,/organization/veeam-software,1
1568,/organization/sequent,1
1569,/organization/lumi-mobile,1
1570,/organization/comecer,1
1571,/organization/vets-first-choice,1
1572,/organization/zenimax,1
1573,/organization/verdasys,1
1574,/organization/mavenir-systems,1
1575,/organization/nomi,1
1576,/organization/whiteglove-house-call-health,1
1577,/organization/bluekai,1
1578,/organization/klout,1
1579,/organization/mindwork-labs,1
1580,/organization/cloudmark,1
1581,/organization/loxysoft-group,1
1582,/organization/cree,1
1583,/organization/acme-packet,1
1584,/organization/cybersource,1
1585,/organization/funky-android,1
1586,/organization/durata-therapeutics,1
1587,/organization/qype,1
1588,/organization/accuvant,1
1589,/organization/docusign,1
1590,/organization/minomonsters,1
1591,/organization/fotolia,1
1592,/organization/spare-backup,1
1593,/organization/convio,1
1594,/organization/vocalocity,1
1595,/organization/oleole,1
1596,/organization/tribridge,1
1597,/organization/intercytex-group,1
1598,/organization/quirky,1
1599,/organization/somoto,1
1600,/organization/nor1,1
1601,/organization/screamin-daily-deals,1
1602,/organization/lion-biotechnologies,1
1603,/organization/md-on-line,1
1604,/organization/unique-solutions,1
1605,/organization/united-sample,1
1606,/organization/bionomics,1
1607,/organization/berecruited,1
1608,/organization/frontier-market-intelligence,1
1609,/organization/projectplaylist,1
1610,/organization/homestay-com,1
1611,/organization/novatel-wireless,1
1612,/organization/plyce,1
1613,/organization/headstrong,1
1614,/organization/atlantic-tele-network,1
1615,/organization/roundbox,1
1616,/organization/limelife,1
1617,/organization/vois,1
1618,/organization/quixey,1
1619,/organization/currenttv,1
1620,/organization/avista,1
1621,/organization/enbridge,1
1622,/organization/actix,1
1623,/organization/captivate-network,1
1624,/organization/flash-networks,1
1625,/organization/ninthdecimal,1
1626,/organization/media6degrees,1
1627,/organization/zygo-corporation,1
1628,/organization/coupang,1
1629,/organization/lanyon,1
1630,/organization/pgp-corporation,1
1631,/organization/hanwha-solarone,1
1632,/organization/momondo-group-limited,1
1633,/organization/bankfacil,1
1634,/organization/3d-robotics,1
1635,/organization/mindmixer,1
1636,/organization/dynamic-signal,1
1637,/organization/overture-networks,1
1638,/organization/remotemdx,1
1639,/organization/simpleview,1
1640,/organization/seatgeek,1
1641,/organization/fanbridge,1
1642,/organization/sintecmedia,1
1643,/organization/sumall,1
1644,/organization/mediabank,1
1645,/organization/b2x-care-solutions,1
1646,/organization/teamsnap,1
1647,/organization/eshop-ventures,1
1648,/organization/wayin,1
1649,/organization/playhaven,1
1650,/organization/taboola,1
1651,/organization/paratek,1
1652,/organization/azaleos,1
1653,/organization/image-metrics,1
1654,/organization/badgeville,1
1655,/organization/adometry,1
1656,/organization/intelligent-mechatronic-systems,1
1657,/organization/intelicloud,1
1658,/organization/coreworx,1
1659,/organization/silex-microsystems,1
1660,/organization/sr-labs,1
1661,/organization/project-slice,1
1662,/organization/eyegroove,1
1663,/organization/infinisource,1
1664,/organization/theplatform,1
1665,/organization/blurb,1
1666,/organization/emme-e2ms,1
1667,/organization/rxi-pharmaceuticals,1
1668,/organization/ampliphi-biosciences,1
1669,/organization/doctor-com,1
1670,/organization/wanted-technologies,1
1671,/organization/skout,1
1672,/organization/simplestar,1
1673,/organization/compliance-360,1
1674,/organization/threatmetrix,1
1675,/organization/ecomotors,1
1676,/organization/photop-technologies,1
1677,/organization/ubid-holdings,1
1678,/organization/the-feedroom,1
1679,/organization/vuclip,1
1680,/organization/talend,1
1681,/organization/skyfire,1
1682,/organization/marin-software,1
1683,/organization/booker-software,1
1684,/organization/ingo-money,1
1685,/organization/alsbridge,1
1686,/organization/marketwired,1
1687,/organization/spotright,1
1688,/organization/metapack,1
1689,/organization/smarter-agent-mobile,1
1690,/organization/amberwave-systems,1
1691,/organization/clarient,1
1692,/organization/corous360,1
1693,/organization/lovely,1
1694,/organization/ern,1
1695,/organization/keraplast-technologies,1
1696,/organization/china-communications-services-corporation,1
1697,/organization/healthsense,1
1698,/organization/rovio-entertainment,1
1699,/organization/seatwave,1
1700,/organization/causes,1
1701,/organization/1world-online,1
1702,/organization/everbridge,1
1703,/organization/flocasts,1
1704,/organization/dotcloud,1
1705,/organization/patient-home-monitoring,1
1706,/organization/saytaxi-australia,1
1707,/organization/appmobi,1
1708,/organization/youth1-media,1
1709,/organization/calix,1
1710,/organization/ourpalm,1
1711,/organization/nuvotv,1
1712,/organization/xand,1
1713,/organization/zeus,1
1714,/organization/infologix,1
1715,/organization/modavanti-com,1
1716,/organization/wealthengine,1
1717,/organization/gotgame,1
1718,/organization/etix,1
1719,/organization/skift,1
1720,/organization/rentjuice,1
1721,/organization/offerum,1
1722,/organization/cox-communications,1
1723,/organization/manatron,1
1724,/organization/the-neat-company,1
1725,/organization/radiumone,1
1726,/organization/fusion-telecommunications,1
1727,/organization/kareo,1
1728,/organization/alterg,1
1729,/organization/pandodaily,1
1730,/organization/internet-media-labs,1
1731,/organization/ifood,1
1732,/organization/outside-in,1
1733,/organization/computer-software-innovations,1
1734,/organization/code-42-software,1
1735,/organization/appurify,1
1736,/organization/openair,1
1737,/organization/hot,1
1738,/organization/lin-tv,1
1739,/organization/datalogix,1
1740,/organization/zyraz-technology,1
1741,/organization/poynt,1
1742,/organization/digitalsmiths,1
1743,/organization/digitalbox,1
1744,/organization/earlyshares,1
1745,/organization/arkadin,1
1746,/organization/avi-web-solutions-pvt-ltd,1
1747,/organization/onetwotrip,1
1748,/organization/xifin,1
1749,/organization/transwitch,1
1750,/organization/appdynamics,1
1751,/organization/kobalt-music-group,1
1752,/organization/rapidminer,1
1753,/organization/tripwire,1
1754,/organization/wanderful-media,1
1755,/organization/fullcontact,1
1756,/organization/novafora,1
1757,/organization/yesware,1
1758,/organization/initiate-systems,1
1759,/organization/sungy-mobile,1
1760,/organization/motionsoft,1
1761,/organization/chef,1
1762,/organization/thought-equity-motion,1
1763,/organization/restorando,1
1764,/organization/edevate,1
1765,/organization/ncrowd-inc,1
1766,/organization/vivox,1
1767,/organization/visage-mobile,1
1768,/organization/meetup,1
1769,/organization/icontact,1
1770,/organization/the-newsmarket,1
1771,/organization/targetcast-networks,1
1772,/organization/rmi,1
1773,/organization/entelos,1
1774,/organization/shoutitout,1
1775,/organization/lumasense-technologies,1
1776,/organization/gopro,1
1777,/organization/skinkers,1
1778,/organization/jumphawk,1
1779,/organization/healthspring,1
1780,/organization/vice,1
1781,/organization/elo7,1
1782,/organization/conference-hound,1
1783,/organization/ignyta,1
1784,/organization/wave-broadband,1
1785,/organization/byliner,1
1786,/organization/fangtooth-studios,1
1787,/organization/webvisible,1
1788,/organization/local-food-systems,1
1789,/organization/buildinglayer,1
1790,/organization/rifftrax,1
1791,/organization/perfect-market,1
1792,/organization/chaordix,1
1793,/organization/upwind-solutions,1
1794,/organization/maternova,1
1795,/organization/click-notices-inc,1
1796,/organization/eyeem,1
1797,/organization/doublebeam,1
1798,/organization/freeborders,1
1799,/organization/appzero,1
1800,/organization/document-security-systems,1
1801,/organization/spacenet,1
1802,/organization/whitesmoke,1
1803,/organization/vision-360-degres-v3d,1
1804,/organization/monetize-plus,1
1805,/organization/neah-power-systems,1
1806,/organization/joliebox,1
1807,/organization/shrink-nanotechnologies,1
1808,/organization/codenomicon-ltd,1
1809,/organization/genius-digital,1
1810,/organization/newsgator,1
1811,/organization/u-s-silica,1
1812,/organization/kakaotalk,1
1813,/organization/zyb,1
1814,/organization/neogenomics-laboratories,1
1815,/organization/coreos,1
1816,/organization/the-whistle,1
1817,/organization/kaufda-de,1
1818,/organization/passwordbox,1
1819,/organization/ingenico,1
1820,/organization/cardiome-pharma,1
1821,/organization/cs-networks,1
1822,/organization/centene-corporation,1
1823,/organization/redzone-robotics,1
1824,/organization/runcom,1
1825,/organization/bds-com-au,1
1826,/organization/boingo-wireless,1
1827,/organization/oktogo-ru,1
1828,/organization/iforem,1
1829,/organization/roundscapes,1
1830,/organization/veracode,1
1831,/organization/biota-holdings,1
1832,/organization/skyword,1
1833,/organization/itc,1
1834,/organization/aragon,1
1835,/organization/clearwire,1
1836,/organization/bloomreach,1
1837,/organization/truste,1
1838,/organization/audience-partners,1
1839,/organization/solomo365,1
1840,/organization/watchdox,1
1841,/organization/ripple-labs,1
1842,/organization/sambasafety,1
1843,/organization/contactual,1
1844,/organization/magnetic,1
1845,/organization/tatango,1
1846,/organization/north-plains,1
1847,/organization/offeriq,1
1848,/organization/drillinginfo,1
1849,/organization/glassdoor,1
1850,/organization/red-robot-labs,1
1851,/organization/ezchip,1
1852,/organization/traak-ltda,1
1853,/organization/liveops,1
1854,/organization/hudl,1
1855,/organization/choose-energy,1
1856,/organization/foliodynamix,1
1857,/organization/jobs-dial-llc,1
1858,/organization/linguanext,1
1859,/organization/orange-health-solutions,1
1860,/organization/lolapps,1
1861,/organization/tomi-environmental-solutions,1
1862,/organization/7mb-technologies,1
1863,/organization/hostway,1
1864,/organization/mobui,1
1865,/organization/atempo,1
1866,/organization/refinery29,1
1867,/organization/4c-insights,1
1868,/organization/trustyou,1
1869,/organization/brighttag,1
1870,/organization/yello-mobile,1
1871,/organization/tubemogul,1
1872,/organization/crimereports,1
1873,/organization/novelos-therapeutics,1
1874,/organization/xceedium,1
1875,/organization/spring-me,1
1876,/organization/certivox,1
1877,/organization/moo,1
1878,/organization/numerex,1
1879,/organization/everfi,1
1880,/organization/buffer,1
1881,/organization/histogenics,1
1882,/organization/prime-view-international,1
1883,/organization/blackstratus,1
1884,/organization/inphi,1
1885,/organization/infoblox,1
1886,/organization/certica-solutions,1
1887,/organization/chainalytics,1
1888,/organization/omnia-media,1
1889,/organization/crunchyroll,1
1890,/organization/zendesk,1
1891,/organization/retrophin,1
1892,/organization/4info,1
1893,/organization/tunein-inc,1
1894,/organization/braintree-payment-solutions,1
1895,/organization/digby,1
1896,/organization/insequent,1
1897,/organization/xpec-entertainment,1
1898,/organization/conduit,1
1899,/organization/photomedex,1
1900,/organization/royaltyshare,1
1901,/organization/solectria-renewables,1
1902,/organization/estoreify,1
1903,/organization/weddingwire-inc,1
1904,/organization/familylink,1
1905,/organization/datalink,1
1906,/organization/thinglink,1
1907,/organization/fnbox,1
1908,/organization/thinfilm-electronics-asa,1
1909,/organization/switchfly,1
1910,/organization/adquota,1
1911,/organization/thrillist-com,1
1912,/organization/figment,1
1913,/organization/coda-automotive,1
1914,/organization/fortiusone,1
1915,/organization/nodejitsu,1
1916,/organization/yippy,1
1917,/organization/sounday,1
1918,/organization/gehry-technologies,1
1919,/organization/lagoa,1
1920,/organization/squaretrade,1
1921,/organization/privalia,1
1922,/organization/rideapart,1
1923,/organization/azumio,1
1924,/organization/decisiondesk,1
1925,/organization/etelos,1
1926,/organization/mobli,1
1927,/organization/hybris,1
1928,/organization/big-game-hunters,1
1929,/organization/appnexus,1
1930,/organization/swapdrive,1
1931,/organization/cupp-computing,1
1932,/organization/zimbra,1
1933,/organization/obopay,1
1934,/organization/isogenica,1
1935,/organization/revel-systems,1
1936,/organization/pentaho,1
1937,/organization/doggyloot,1
1938,/organization/caring-com,1
1939,/organization/medeanalytics,1
1940,/organization/gist,1
1941,/organization/0ndine-biomedical-inc,1
1942,/organization/adello-group,1
1943,/organization/salad-labs,1
1944,/organization/1stdibs,1
1945,/organization/pivotlink-formerly-seatab,1
1946,/organization/motionbox,1
1947,/organization/vbi-vaccines,1
1948,/organization/howaboutwe,1
1949,/organization/promotion-space-group,1
1950,/organization/salesfusion,1
1951,/organization/atricure,1
1952,/organization/nowthis-news,1
1953,/organization/extreme-plastics-plus,1
1954,/organization/sonoma-orthopedics,1
1955,/organization/park-city-group,1
1956,/organization/reval-com,1
1957,/organization/horizon-therapeutics,1
1958,/organization/xceligent,1
1959,/organization/adenyo,1
1960,/organization/sberbank,1
1961,/organization/retevo,1
1962,/organization/nextimage-medical,1
1963,/organization/tradeglobal,1
1964,/organization/fortify-software,1
1965,/organization/channel-intelligence,1
1966,/organization/hansen-medical,1
1967,/organization/recurrent-energy,1
1968,/organization/global-crossing,1
1969,/organization/ascentium,1
1970,/organization/total-attorneys,1
1971,/organization/powermat,1
1972,/organization/colourlovers,1
1973,/organization/mobileiron,1
1974,/organization/crobo,1
1975,/organization/crichq,1
1976,/organization/synergy-hub,1
1977,/organization/tape-tv,1
1978,/organization/alexza-pharmaceuticals,1
1979,/organization/sport-ngin,1
1980,/organization/qliktech,1
1981,/organization/sps-commerce,1
1982,/organization/netpulse,1
1983,/organization/optimizely,1
1984,/organization/scoutlabs,1
1985,/organization/utstarcom,1
1986,/organization/abeo,1
1987,/organization/renaissance-learning,1
1988,/organization/elevate,1
1989,/organization/mirapoint-software,1
1990,/organization/social-beyond,1
1991,/organization/zenprise,1
1992,/organization/collegetonight,1
1993,/organization/seachange-international,1
1994,/organization/artisan-mobile,1
1995,/organization/streetfire,1
1996,/organization/docstoc,1
1997,/organization/innovus-pharmaceuticals,1
1998,/organization/grin-publishing,1
1999,/organization/lx-ventures,1
2000,/organization/connectsolutions,1
2001,/organization/goip-global,1
2002,/organization/tranzeo-wireless-technologies,1
2003,/organization/nowpublic,1
2004,/organization/mixpo,1
2005,/organization/precision-dermatology,1
2006,/organization/netdragon-websoft,1
2007,/organization/cloudmade,1
2008,/organization/audience,1
2009,/organization/instagram,1
2010,/organization/oneclass,1
2011,/organization/a123systems,1
2012,/organization/villij-2,1
2013,/organization/homeshop18,1
2014,/organization/adex-media,1
2015,/organization/reald,1
2016,/organization/yola,1
2017,/organization/zogenix,1
2018,/organization/airpush,1
2019,/organization/top-image-systems,1
2020,/organization/gt-solar,1
2021,/organization/group-commerce,1
2022,/organization/ctrip,1
2023,/organization/skitsanos-automotive,1
2024,/organization/insmed-incorporated,1
2025,/organization/blackfoot,1
2026,/organization/apartmentlist,1
2027,/organization/sevone,1
2028,/organization/interact-public-safety-systems,1
2029,/organization/inventiv-health,1
2030,/organization/alfresco,1
2031,/organization/vape-holdings,1
2032,/organization/qlipso,1
2033,/organization/amplio-group,1
2034,/organization/sensus-healthcare,1
2035,/organization/vbrick-systems,1
2036,/organization/netchemia,1
2037,/organization/mobile-messenger,1
2038,/organization/needbox-as,1
2039,/organization/mobee,1
2040,/organization/matchbin,1
2041,/organization/wsp-global,1
2042,/organization/otoy,1
2043,/organization/bluebird-bio,1
2044,/organization/satmetrix,1
2045,/organization/invaluable,1
2046,/organization/skypicker-com,1
2047,/organization/cdnetworks,1
2048,/organization/tetralogic-pharmaceuticals,1
2049,/organization/mindjet,1
2050,/organization/deezer,1
2051,/organization/neomobile,1
2052,/organization/catchfree,1
2053,/organization/smalltown,1
2054,/organization/neodata,1
2055,/organization/citysquares,1
2056,/organization/ecommera,1
2057,/organization/michaels-stores,1
2058,/organization/like,1
2059,/organization/weplay,1
2060,/organization/solfocus,1
2061,/organization/kongzhong,1
2062,/organization/workshare,1
2063,/organization/blue-ant-media,1
2064,/organization/withings,1
2065,/organization/6wunderkinder,1
2066,/organization/photoways-2,1
2067,/organization/campaign-monitor,1
2068,/organization/amicus-therapeutics,1
2069,/organization/amsc,1
2070,/organization/citypockets,1
2071,/organization/twelvefoldmedia,1
2072,/organization/corona-labs,1
2073,/organization/peak-2,1
2074,/organization/appolicious,1
2075,/organization/ams-ag,1
2076,/organization/quickoffice,1
2077,/organization/roli,1
2078,/organization/photospotland,1
2079,/organization/codeglide,1
2080,/organization/radarfind,1
2081,/organization/limbo,1
2082,/organization/qumu,1
2083,/organization/ascentis,1
2084,/organization/payz-inc,1
2085,/organization/mimvi,1
2086,/organization/bullhorn,1
2087,/organization/cytomedix,1
2088,/organization/appneta,1
2089,/organization/aegerion-pharmaceuticals,1
2090,/organization/mobclix,1
2091,/organization/healthways,1
2092,/organization/dediserve,1
2093,/organization/oncore-biopharma,1
2094,/organization/kiss-metrics,1
2095,/organization/sphere-3d,1
2096,/organization/opsware,1
2097,/organization/freeagent-central,1
2098,/organization/next-jump,1
2099,/organization/pageup-people,1
2100,/organization/websense,1
2101,/organization/beyond-commerce,1
2102,/organization/tigenix,1
2103,/organization/c7-data-centers,1
2104,/organization/trinovus,1
2105,/organization/bemyguest,1
2106,/organization/axiata,1
